participant_id,task,prompt_redacted,comment_redacted,satisfaction_1to5
P05,1,"Crie uma tela de login com campos de usuario e senha, botão 'Entrar' e hyperlink com opção de 'Esqueci minha senha'",Ficou bem bacana a tela de login,5
P05,2,"Crie uma tela de login com campos de usuario e senha, botão 'Entrar' e hyperlink com opção de 'Esqueci minha senha'",Ficou bem bacana a tela de login,5
P05,3,"Crie uma tela de pagamentos do 'carrinho de compras' com opções de pagamento em cartão, boleto ou pix",A parte de baixo da tela lista repetidas formas de pagamento e valores diferentes,3
P04,1,Crie uma interface para um simulador do jogo slither.io.,"Tudo bem que meu prompt foi vago, mas o resultado está fundamentalmente errado. Não há simulação do jogo slither.io, mas uma espécie de scoreboard com campos de input sem label. Subjetivamente falando, está confuso. Objetivamente falando, não reflete o que prompt pede.",1
P04,2,agora crie uma tela mais rebuscada de login para este app,"Meio sem pé nem cabeça. Até criou os campos de input e os atribuiu labels corretamente, mas ao final colocou uma imagem de uma caixa.",1
P04,3,"gere uma tela de pagamentos do 'carrinho de compras' com opções de pagamento em cartão, boleto ou pix",Parece mais que gerou uma tabela com histórico de compras,1
P02,1,Crie uma tela de login para a compra de um ingresso para partidas de futebol,Bem simples de usar e resultado honesto,5
P02,2,"Crie o código HTML e CSS para uma tela de login moderna, responsiva e futurista para a compra de tickets, contendo degradês elegantes e detalhes que remetam a jogos de futebol no Brasil (cores verde e amarela). A página deve conter: Um container centralizado com título no topo em itálico e negrito, com fonte em destaque e bordas futuristas que remetam ao esporte, seguida de frase de efeito em tamanho menor para slogan da empresa de vendas. Campos de entrada para E-mail e Senha, com placeholders. Botão de Entrar estilizado e moderno. Um link de 'Esqueci minha senha' abaixo dos campos. Um botão secundário ou link para 'Criar conta'. Um rodapé contendo copyright, e hiperlinks destacados de ""Somos nós"" e ""Fale conosco"". Feedback visual para foco nos inputs. Layout limpo, com fontes legíveis e espaçamento equilibrado.","Seguiu com precisão a inserção de todos os elementos solicitados, embora não tenha incluído a cor e a frase de efeito",4
P02,3,"Crie uma tela de pagamentos com opções de adicionar no carrinho, CEP, botão de cálculo de frete e comprar agora","Resultado condizente com o que foi passado via prompt, mesmo tendo sido pouco detalhado como se esperava a construção da tela",5
P03,1,crie uma tela de feed de noticias,"Foram listados titulo, autor, data e tema, além de uma opção de busca, mas foi em formato de lista e não de grid como é comum para noticias, faltou também a imagem para cada noticia",4
P03,2,"crie uma tela de noticia com imagem de capa, titulo, corpo do texto e opção de compartilhar","Ele criou uma tela como se eu fosse cadastrar uma noticia, não exatamente o que eu esperava, mas todos os elementos solicitados estavam lá",4
P03,3,"crie uma tela de pagamentos do 'carrinho de compras' com opções de pagamento em cartão, boleto ou pix","Os elementos solicitados foram criados, mas não teve a lógica certa sobre uma tela de pagamentos, como por exemplo o campo valor vir em branco para ser preenchido",4
P01,1,crie uma tela de login simples,os campos foram criados,4
P01,2,"Crie uma tela de login com botões de 'esqueci minha senha', 'cadastrar novo usuário', 'outras opções de login'","Tudo foi criado, mas faltou coerencia visual",4
P01,3,"crie uma tela de pagamentos de um carrinho de compras com opções de pix, boleto e cartão de crédito",Alguns campos extras foram criados como 'descrição',3
